SATKER,UP,Pagu,PAGU52,PAGU53,REAL,REAL52,REAL53,RATA2HARIGUP,RATA2KALIGUPBLN,REALGU
431102,210000000,73364554000,36769599000,8931793000,36784831531,17864486494,4219495700,25,2,795403470
7229,30000000,5199371000,1466700000,7000000,3120129782,562787000,0,10,2,446587000
498592,120000000,410953717000,35248906000,375603132000,112857887643,17261017976,95539868830,20,3,761962138
119129,100000000,25061371000,25061371000,0,9580302150,9580302150,0,37,7,232840200
408816,9000000,315000000,315000000,0,219814500,219814500,0,19,3,35535500
631118,48000000,253912108000,177043382000,76868726000,115842293467,57001491568,58840801899,20,3,296618721
685695,300000000,575403727000,49235629000,191300000,431286684609,27996861450,191300000,7,3,6785932400
403409,10000000,244443000,244443000,0,95922840,95922840,0,22,2,50464000
427310,160000000,14566628000,10963696000,275000000,6112838011,3889397835,273697500,28,3,769959742
400944,60000000,8749455000,5249427000,99028000,4696853575,2901068378,67289000,12,2,521568328
632160,300000000,120169407000,43406093000,29490658000,35449391690,11281858329,399065929,25,1,1284342988
110808,75000000,7378542000,4487200000,1433000000,5077040844,2634507011,1352860000,15,2,733853511
410382,72000000,12029655000,5472555000,0,5859224198,1904656889,0,18,2,446125811
418374,39000000,9163495000,1613048000,375000000,6418899210,968666000,363115000,15,2,429000000
418513,20000000,5270384000,1028161000,245238000,2691966097,495117797,129038000,12,2,314437797
449752,120000000,11329222000,3807463000,397834000,6834322670,1666327895,0,16,2,864480970
561541,90000000,10661579000,3159928000,351462000,5486002291,1336018942,0,13,2,1013848740
505786,60000000,15224207000,13880567000,1343640000,8020058802,7066009082,954049720,15,2,628603630
418368,12000000,4566397000,887729000,782000000,2432798628,494437431,350380937,18,3,100683929
419202,60000000,1833685000,1833685000,0,863932958,863932958,0,12,1,602718168
669254,48000000,15715554000,5214803000,0,9735142298,3324835251,0,16,3,395072800
665311,300000000,58075013000,14820883000,916164000,34048655666,7785106965,266611242,29,2,1742036900
652958,60000000,14537592000,9517456000,0,8376667907,5204788073,0,26,1,419008574
656485,30000000,3766326000,1118279000,199226000,1973693057,306909408,0,15,1,263229408
527961,25000000,1719478000,1297015000,244495000,933978256,608327256,233730000,11,3,300096408
536726,50000000,4597383000,1328442000,0,3059732881,624931400,0,12,1,506431400
425369,210000000,25085746000,14975121000,1828000000,17163909588,10131211128,1424096500,15,1,2019104149
650113,19800000,4517989000,900035000,19500000,2265231423,450806862,19468000,21,2,125566612
650112,16800000,2067775000,788860000,32000000,1113395426,429396804,31690000,22,4,112786804
426029,10300000,1197897000,274320000,0,696248994,134586000,0,28,3,60016000
418413,3000000,357356000,187250000,0,185620186,100861500,0,15,1,34221500
409810,72000000,10591423000,5386655000,61382000,5256257654,2081283021,0,21,1,504360285
98991,30000000,5619549000,1339370000,181500000,3153508449,879118164,181325000,8,2,631147078
369600,120000000,15593881000,7387453000,0,6814180787,3421566466,0,24,3,595563497
613455,60000000,13411319000,8189028000,1537105000,5979161279,3450179135,521700000,28,3,197248062
418354,90000000,110036183000,19316036000,14674248000,44802176637,7182449325,528794660,21,3,356155623
683996,60000000,17621429000,13267582000,0,9290892785,6270483666,0,9,2,847794560
641635,600000000,182191900000,47933482000,0,112527740087,23800819424,0,8,1,14031746505
440557,1000000,172960000,55190000,0,89876725,24379100,0,23,3,6629100
498590,87000000,431477039000,52330468000,378946571000,125523850680,20404296863,105082338123,29,3,497145700
110100,400000000,177628052000,177628052000,0,77100017649,77100017649,0,13,3,4896632970
239441,400000000,40800148000,33161105000,1614497000,14017284955,10111916134,269001013,13,2,4639478928
670252,18000000,2933638000,845077000,0,1596727455,182835259,0,22,2,98076859
418458,20000000,27215866000,944486000,82650000,14240491132,395147433,35138850,25,2,105045433
111910,21000000,5192721000,3279949000,1044893000,2627745590,1714141760,387202019,14,3,193003271
237788,90000000,15079783000,8091986000,761120000,8835880280,4322898007,653108000,11,2,1354526039
406463,30000000,5324344000,3386083000,0,3355996783,2262483772,0,12,2,377758666
417641,30600000,8636007000,1864327000,207000000,4134156493,890881041,0,7,1,609562010
440507,10000000,445901000,193270000,0,220098105,84885568,0,25,2,57027568
641677,300000000,75086458000,18916054000,776608000,39912737130,9561809119,481273891,7,3,6600305541
632013,54000000,1746355000,1213802000,150000000,1222461302,425367231,150000000,25,2,344947231
402267,35000000,4167870000,1215072000,10000000,2428809727,754557943,9900000,13,4,407794943
119081,51000000,1059608000,1059608000,0,746916753,746916753,0,17,2,357729003
669055,30000000,7560088000,6018061000,76177000,3359492366,2698288647,0,15,2,249455060
117134,30000000,6906992000,6906992000,0,3219194346,3219194346,0,19,2,297020386
402252,5000000,199500000,199500000,0,174450000,174450000,0,9,1,89950000
666501,15000000,2054716000,778466000,32000000,1180024137,435664303,0,26,1,77166803
666503,51000000,27672762000,1545407000,144000000,18038721921,729326165,61372000,22,1,311451500
672851,15000000,4405499000,2071211000,676595000,1939111643,883098801,44128050,14,3,145896993
674416,20000000,2693296000,491388000,55500000,1199811599,217077500,40495000,19,1,142314500
650833,15000000,43290167000,39570024000,0,18353284549,15505775422,0,20,3,100559770
653705,8000000,734681000,232110000,0,282657893,65446727,0,26,2,32314727
98984,60000000,5141543000,1592832000,91000000,2711876772,999725043,91000000,15,3,631309399
424239,18000000,5885015000,975148000,120000000,3653059353,622599190,119946000,9,3,377995950
418507,7000000,2163892000,813776000,32000000,1219435442,462143938,31925000,10,2,118603894
401833,20000000,2886183000,984940000,0,1566745797,492703250,0,19,4,164278250
402274,10000000,184374000,184374000,0,113548000,113548000,0,26,6,38650000
420033,7900000,848340000,300034000,21950000,452353562,127374000,11300000,29,2,39500000
119234,21000000,22667441000,11226131000,11441310000,5379609394,2327239394,3052370000,23,2,116000000
418353,60000000,8173880000,3875849000,334500000,4439068061,1863592678,330554000,32,4,154649599
408819,12000000,1640277000,1625277000,15000000,561019700,546019700,15000000,22,1,68387500
408820,6000000,214073000,214073000,0,120138800,120138800,0,18,2,46977300
561204,60000000,4057077000,3158450000,0,2191407767,1395899416,0,15,3,365509916
401656,75000000,238731394000,238596234000,135160000,100661673256,100661673256,0,43,5,168744701
621729,120000000,6890351000,2792827000,0,2836410680,1169862707,0,16,2,869262707
408818,120000000,23086115000,6079102000,4746383000,11652576075,2769935601,625875100,31,2,525695030
656528,30000000,2798960000,924315000,0,1310827417,262866946,0,13,3,212325682
119038,7400000,168422000,168422000,0,91748000,91748000,0,28,3,26225000
119040,4500000,183500000,183500000,0,107505800,107505800,0,29,3,16785000
418427,10000000,28203117000,368220000,36000000,14942028750,159550000,35955000,99,12,7500000
560834,120000000,9609672000,4263783000,103388000,4795902244,1805930873,14990000,19,4,689796421
418358,21000000,2153009000,1461260000,0,1209619673,844667745,0,28,5,82019200
418431,24000000,5586592000,1071662000,145350000,3356714638,397553490,135325000,17,3,216028490
652208,30000000,6048572000,3770025000,0,3424760728,1743020212,0,25,2,165844022
403412,3000000,37450000,37450000,0,16275000,16275000,0,20,3,11200000
119036,6000000,552941000,552941000,0,108622966,108622966,0,13,2,61954807
369600,180000000,15593881000,7387453000,0,6814180787,3421566466,0,24,3,595563497
119133,102000000,32323336000,32323336000,0,2459927309,2459927309,0,17,1,654182009
675577,18000000,9888967000,8308538000,438152000,1758960948,1151477553,20600000,17,2,105150519
350172,25000000,1934749000,1934749000,0,185361000,185361000,0,27,3,72077000
119006,10000000,382796000,382796000,0,111066808,111066808,0,14,16,49670000
681508,4000000,6136586000,1455290000,1750000000,2344755701,642465000,102382850,29,8,9995000
418412,5000000,2851536000,165750000,2519823000,1206562623,72001450,1059290464,18,1,40981450
352427,32000000,7000000000,7000000000,0,31824557,31824557,0,23,7,31824557
115134,200000000,11462586000,11462586000,0,650858599,650858599,0,21,4,321599899
418527,1000000,697373000,178150000,0,312270797,87466300,0,15,3,5826050
119004,75000000,1111575000,1111575000,0,611124935,611124935,0,21,3,345157765
119139,25200000,1372740000,1372740000,0,906306330,906306330,0,31,4,60338930
686503,60000000,2343038000,1577414000,0,1261660526,579347000,0,21,2,265441000
484121,30000000,286292000,286292000,0,95417925,95417925,0,27,6,36022225
402243,2800000,111340000,111340000,0,50100000,50100000,0,5,3,2300000
110060,100000000,1081524000,1081524000,0,516484047,516484047,0,31,5,356225547
119232,160000000,29756810000,29756810000,0,16087178185,16087178185,0,18,3,853692945
119022,100000000,2371597000,2371597000,0,899953584,899953584,0,21,2,398893584
119039,6700000,303550000,303550000,0,163875200,163875200,0,12,3,59993000
119137,470000000,29462430000,29462430000,0,9361416969,9361416969,0,10,2,1159326500
418523,18000000,10308977000,1805790000,1750000000,5092972338,798298499,497012300,17,2,154815603
406401,72000000,14625943000,10753395000,0,7841315448,5423057405,0,13,3,753966856
406494,45000000,9816496000,5461321000,0,5450292230,2802257227,0,11,2,626426693
553792,30000000,3550824000,794243000,118727000,2056627031,362957000,108538000,18,3,268479000
401836,10000000,3568715000,1046563000,0,2123253337,567050000,0,16,3,100000000
406457,36000000,15243806000,11168219000,0,9230095089,6598239134,0,15,2,431929500
99229,24000000,390180000,390180000,0,224209900,224209900,0,17,1,216209900
682892,60000000,1939726000,1933376000,6350000,901317615,901317615,0,15,2,555927615
656574,15000000,3183354000,958506000,0,1785243641,300503644,0,18,1,142346644
650130,15000000,2214614000,765890000,361730000,1334739644,467756000,321700000,11,2,218496000
650132,15000000,12005750000,533406000,66000000,5761223396,233176000,54618000,15,2,144484000
410291,90000000,11506971000,6164177000,162477000,5632371086,2461778201,75185300,13,2,1041299622
440559,2000000,571233000,142150000,0,351392198,70071500,0,14,1,19971500
401946,20000000,30819119000,927824000,27771349000,2354652634,453537844,723693301,13,1,262886295
634530,30000000,1439194000,1191434000,0,814437291,691232291,0,12,2,383551543
428227,48000000,13551306000,8098510000,0,7833437251,3842206587,0,21,1,352957449
631158,36000000,3065404000,2865404000,100000000,1221196427,1214716427,0,21,3,213274858
652190,45000000,7096438000,2397554000,2457733000,2903603029,1337745561,0,21,3,323452561
641482,3608400,10971103000,3457160000,0,6172771563,1763869032,0,15,3,33678400
408816,9000000,315000000,315000000,0,219814500,219814500,0,19,3,35535500
352639,300000000,28236181000,8318106000,0,22099330468,4981545550,0,8,2,3897700450
678359,24000000,5465228000,1638601000,0,3248211791,786248000,0,14,4,216820000
685742,300000000,145934223000,1227312000,113166205000,57671625536,704113659,38610687950,#N/A,#N/A,#N/A
418509,33000000,33956654000,2369362000,258650000,16770924415,1243813000,248155000,17,3,330000000
401943,34800000,26641067000,1051444000,23538000000,3302253044,512088721,1099117347,17,2,312379497
403847,180000000,208432127000,104689881000,82236741000,105191604628,46409393786,46959734972,21,2,1177909828
418352,90000000,13262274000,5527812000,1215041000,7114572221,2152470532,148432000,21,2,440792484
7119,120000000,22362961000,3188591000,207000000,12396144754,1350151457,0,28,2,673032186
682562,120000000,15958144000,5716253000,25000000,9004325600,2414187708,0,10,3,1608488597
641660,300000000,62658628000,16322571000,0,36933116382,7086995596,0,9,2,5346350150
622372,150000000,16209129000,7439281000,1600000000,8260051862,3977119627,450167554,15,1,1528395603
597516,10200000,2915978000,519950000,35500000,1456235732,249050000,35477000,19,3,91600000
597558,15000000,1733771000,465470000,27200000,969557773,243758000,15000000,20,2,125108000
641571,33000000,98712647000,62870634000,30227700000,36255128982,25915364574,7155747775,11,4,433773700
418896,18000000,1260214000,684778000,32000000,779607577,405352463,32000000,22,1,121952463
111805,20000000,4328742000,594285000,61000000,2508264536,266524000,59524000,19,3,159619000
401944,30000000,29325014000,1076688000,25475636000,3238858460,635524418,880299093,10,3,396349511
426050,36800000,6686953000,897172000,111210000,3639627695,404910000,108210000,30,2,220800000
641681,400000000,74095791000,18880388000,746000000,38697340127,9304817820,323822290,9,2,6517670848
408817,12000000,205710000,205710000,0,109130700,109130700,0,20,2,66515800
418357,10800000,3124919000,2086720000,0,1914645715,1403044000,0,70,10,10700000
641614,60000000,21315823000,10254301000,1685949000,11472119480,6022773094,212333873,19,2,448836346
352638,300000000,24745086000,8199685000,0,19905662759,3140554039,0,15,6,2896452639
413293,180000000,44302886000,23607300000,2591141000,21749905012,10390626997,1194936200,15,2,1250508412
431142,48000000,9336655000,8020096000,44115000,2503421109,1714069624,20965000,16,2,357471302
662110,18000000,3453866000,398886000,87100000,1859898566,161868370,48911250,29,1,98419620
700147,90000000,16892484000,4689105000,50000000,8307655651,2169911917,47200000,18,3,759166928
683589,60000000,18405787000,13842184000,0,12085351116,9130578565,0,7,2,1456122789
402273,42000000,4938056000,1310360000,10000000,2600145370,675725546,10000000,21,2,311956546
402639,13000000,153000000,153000000,0,107630000,107630000,0,19,3,107630000
119770,300000000,22643393000,13075863000,109070000,15901614712,9164909409,109057500,11,2,4327427442
98938,90000000,27638082000,4059302000,280000000,17767097336,2414218627,279000000,15,2,709981110
650114,16200000,10128619000,816009000,186000000,4902535204,330926252,85220000,28,2,76874252
574370,15000000,2105071000,697278000,58800000,1067596367,325588000,33000000,16,2,159856000
553125,30000000,4662277000,925706000,109150000,2564222928,428175939,109102000,13,2,322125939
686502,60000000,2059227000,1566579000,0,1006156872,578754149,0,46,14,94419960
119028,60000000,1440000000,1440000000,0,647901100,647901100,0,23,4,360000000
656549,24000000,3243423000,926384000,0,1839287387,263764312,0,15,2,172386312
641499,120000000,24527803000,12320657000,125000000,14943871387,6757068900,124500000,10,2,1882670900
656528,15000000,2798960000,924315000,0,1310827417,262866946,0,13,3,212325682
663212,4000000,175700000,175700000,0,88918400,88918400,0,23,2,25962100
440555,950,313656000,44470000,23560000,180348892,22900000,23560000,28,9,4750000
402638,60000000,3857212000,1263012000,10000000,2607426647,836971044,10000000,18,1,494103044
641600,23000000,3950827000,1284695000,0,2269221297,830407000,0,22,3,150795000
662127,50000000,2734647000,978242000,125000000,1489362492,485752310,125000000,26,4,254432310
110098,10000000,450000000,450000000,0,61703300,61703300,0,23,1,53303300
440551,10000000,2182420000,735930000,32000000,1348991294,471945130,32000000,15,4,110076700
401945,24000000,25065176000,937029000,22104293000,2780372815,529973182,1080746492,15,2,286833274
641698,300000000,50077448000,14574164000,0,31365998485,8589422910,0,10,3,5395631000
7102,180000000,81935746000,9377189000,42000000,41847289720,2697363698,34900000,27,1,931834303
98970,40000000,6857603000,2040923000,114000000,4279822186,1321102522,79238000,11,1,676141122
653108,30000000,3503481000,1784125000,100000000,2084966847,757601555,19242630,9,1,599081555
418399,36000000,8756173000,1602707000,170020000,5813027134,1177890551,100000000,19,2,324000000
497733,42000000,12824015000,7067434000,170000000,7119264355,3564337420,86836500,28,2,174602452
656532,45000000,3407932000,1064748000,0,1767616222,202404535,0,27,5,202404535
656560,24000000,2644398000,972493000,0,1213770350,275185799,0,15,2,234565799
723010,180000000,174577397000,8402188000,398040000,93879729755,3901776113,397178090,16,1,1113134916
119037,17000000,954102000,954102000,0,357655501,357655501,0,15,1,160115600
665285,400000000,51563450000,13204705000,0,31274571729,7062464066,0,26,1,2306723400
667222,30000000,8235631000,3526535000,249000000,4430398535,2134814055,203821225,12,2,420194606
575968,25500000,4838164000,802560000,245800000,2932167860,439490000,75000000,22,2,204000000
428270,30000000,7333696000,3924619000,0,4812068317,2628025022,0,11,3,389223022
666504,1200000,2445814000,215027000,0,1466597034,177560000,0,21,2,8870000
666505,500,947573000,102220000,0,651328749,74550000,0,25,3,3000000
418511,2900000,580042000,160850000,0,305031218,63468000,0,26,4,17400000
418380,21900000,9470931000,1729654000,99500000,6020433089,643414800,50000000,22,2,159419800
641546,72000000,11130186000,3832372000,0,7235681938,2570588000,0,18,2,696842000
641592,30000000,34491545000,16101341000,0,19943071380,9563426857,0,11,1,446321250
111904,15000000,3075014000,905372000,0,1661570870,267180826,0,12,2,142891075
656617,25500000,3167025000,797263000,0,1911264707,332170864,0,21,2,196663850
678363,21000000,6025078000,2787154000,0,3314801729,1274360700,0,19,2,148471700
418494,7000000,3257159000,190410000,2469089000,900934069,60022700,539716800,28,15,6972700
119002,30000000,305689000,305689000,0,132685550,132685550,0,42,1,65445550
98959,30000000,5818674000,1715295000,111000000,3354053795,751432948,77500000,12,1,397910948
119072,140000000,3976544000,3976544000,0,1140732250,1140732250,0,13,3,355233250
7296,60000000,10151885000,2243977000,207000000,5553843121,851705445,7000000,14,2,736177445
99226,30000000,617252000,617252000,0,345979920,345979920,0,18,2,265244420
401759,104000000,3000000000,3000000000,0,0,0,0,#N/A,#N/A,#N/A
119000,130000000,5331856000,5331856000,0,885953050,885953050,0,28,2,457945600
537894,54000000,1743078000,1743078000,0,947173527,947173527,0,13,2,538163527
428242,60000000,9962056000,6750333000,0,5645302898,3420664983,0,20,2,436658163
536725,50000000,3472739000,724043000,0,2468414563,439507000,0,29,2,278552000
498097,120000000,325157090000,9048000000,316109090000,97720895102,1435597850,96285297252,24,2,660069000
427454,60000000,11504211000,2222820000,90000000,3983356598,1020901225,0,14,1,533690775
650016,12000000,7770871000,6058088000,18722000,2195396304,1380352961,6992000,21,2,90810450
672952,18000000,5792448000,1701068000,77500000,3330816176,1077105507,0,16,3,156651420
667215,36000000,5638916000,3291859000,0,3734514454,1989897346,0,15,3,338577950
672969,20000000,3967705000,1405737000,87500000,2307741360,869564696,84250000,6,1,597415696
110105,60000000,1490000000,1490000000,0,0,0,0,#N/A,#N/A,#N/A
653530,70000000,15144714000,4492306000,2308780000,4407542549,653802053,0,25,2,345012182
99231,20000000,354429000,354429000,0,170834797,170834797,0,17,4,170834797
650133,8000000,812778000,184150000,0,362540600,84473000,0,25,2,49793000
641621,30000000,8310117000,4351292000,0,4047279998,1794090513,0,16,2,253836942
418400,30000000,2040082000,846098000,32000000,1185909364,511255037,31975000,19,2,215267037
663211,24000000,4579316000,1508746000,10000000,2581939917,815881847,10000000,16,3,255390302
653271,33000000,1716532000,634579000,95000000,981563477,334354919,94765000,18,3,314854919
678370,60000000,7362354000,1824856000,0,4031932459,995141345,0,23,1,430538790
672970,4000000,57383000,57383000,0,32957900,32957900,0,17,1,32957900
418375,6000000,1040950000,229940000,0,588257873,100610926,0,29,1,21268626
406539,120000000,8165172000,3141555000,0,5473258598,2200358525,0,23,3,840000000
418401,60000000,10507823000,2458465000,1613500000,5223151948,1032206841,767617200,26,2,335406841
679482,80000000,16196004000,4608362000,0,9254174006,1465726595,0,25,1,456906145
418462,25000000,1959247000,525542000,55500000,1190973680,262691000,55500000,22,2,137336000
633781,400000000,97446570000,38631059000,57030343000,40488725752,18459822815,21443575937,11,3,5203186994
661211,5000000,2384931000,506470000,78400000,1198072012,237416412,78400000,25,1,35000000
418456,10000000,2257030000,794587000,32000000,1303109450,436132669,29453850,14,2,126259669
418897,7500000,1640194000,789404000,32000000,1211527755,532367000,31850000,13,1,104927000
98963,60000000,5860182000,1810026000,77500000,3266147268,974570597,77150000,18,2,562830597
527933,60000000,4060727000,2322040000,984043000,2198384084,1203672084,653728000,10,1,674689218
635617,120000000,10497888000,2502474000,157018000,4720839543,825117684,0,21,2,613329829
553099,20000000,2078027000,539760000,40500000,1140312282,206926000,40500000,24,2,113110000
418311,60000000,1728655000,1728655000,0,1007213892,1007213892,0,14,2,612156999
7123,30000000,7922868000,1650412000,7000000,3912402734,548595773,0,10,2,441795773
7151,60000000,9878070000,2424734000,7000000,6352540303,1765731509,7000000,13,2,838042078
7212,39000000,5254068000,1704523000,7000000,2978295124,547629347,0,16,2,358445347
7233,36000000,5334731000,1478445000,7000000,3414744914,578813159,7000000,12,2,489213159
309374,7000000,6220190000,1022752000,73210000,3174630435,444932300,69000000,16,2,84000000
406402,30000000,9523262000,5442466000,0,5786865308,3193107308,0,6,4,930056685
440503,65000000,7861293000,1784590000,1420000000,3642066886,722391484,402524628,23,1,390992097
650128,7000000,16235542000,540008000,75000000,8028971674,258767753,47750000,20,2,45932753
656492,30000000,3373671000,944848000,0,1627001941,206256339,0,20,2,206256339
427159,120000000,51828406000,45632448000,1597000000,14310560796,10812293312,1230226600,14,2,1255223611
418510,100,204683000,28350000,0,104686051,10508000,0,12,2,1400000
110009,100000000,1823525000,1823525000,0,78751650,78751650,0,30,9,78751650
431133,30000000,9804992000,7962376000,69507000,3366152092,2397305987,2780000,18,2,269285793
553807,15000000,4359937000,771904000,61310000,2307176184,353050000,21310000,21,3,96000000
418412,5000000,2851536000,165750000,2519823000,1206562623,72001450,1059290464,18,1,40981450
7130,50000000,7314901000,1773739000,7000000,4196828049,557496561,5050000,18,4,395696561
99232,18000000,331200000,331200000,0,190339340,190339340,0,15,1,153642140
111079,50000000,1580686000,1570236000,10450000,648131331,637681331,10450000,16,2,341984380
685742,60000000,145934223000,1227312000,113166205000,57671625536,704113659,38610687950,#N/A,#N/A,#N/A
401909,39600000,5094169000,1384192000,10000000,2831225365,692152973,10000000,14,2,273062792
449488,39000000,85667342000,23741418000,53511175000,49826983987,11247204149,33448594418,6,2,1071886823
424967,50000000,5678977000,1400168000,1000000,2958345370,592188300,0,24,1,293968300
420032,4500000,1195784000,417440000,10000000,717507895,201406702,10000000,19,1,34816702
579213,300000000,29702590000,19129915000,610125000,18763496924,11643533997,323800000,20,1,1711137208
666506,350,265024000,50500000,0,159768207,26600000,0,22,4,700
408813,36000000,1151828000,1151828000,0,526840249,526840249,0,19,2,169871800
681508,2000000,6136586000,1455290000,1750000000,2344755701,642465000,102382850,29,8,9995000
641525,30000000,33146029000,12336543000,0,19537907988,5945265509,0,23,1,174532375
641567,150000000,27609379000,16664508000,0,14817227560,8884461733,0,10,2,2484770225
418009,75000000,9905622000,9905622000,0,4283235841,4283235841,0,14,3,193886288
680310,10000000,1638353000,398764000,32500000,814911387,193930500,31650000,19,5,76286500
673521,48000000,5730457000,2615244000,0,2998494493,1667803496,0,17,1,499830296
418356,21000000,2640318000,704564000,30000000,1465956951,446356176,29364000,27,2,85826036
418369,60000000,32045695000,4285310000,60434000,17029983349,1741203000,42434000,25,3,358203000
424251,16500000,7493454000,1382950000,191300000,4564520951,663481150,175900000,26,2,115500000
406488,30000000,7723547000,4806422000,0,4609175555,2444561767,0,15,4,359968444
99228,40000000,641515000,641515000,0,278628221,278628221,0,21,3,278628221
418426,5000000,11677313000,3063335000,45500000,6323018953,1406686000,45470000,50,3,15000000
567481,84800000,7522079000,3474679000,0,4027816538,1662761948,0,11,1,794052642
440504,28000000,17556699000,1073876000,104020000,8489077080,481965985,87800000,20,2,240748785
418508,36000000,9517075000,2402640000,0,4932123426,946785344,0,14,4,448500000
641642,400000000,71436952000,21787543000,0,43720890118,11597314457,0,10,1,5980211490
406369,60000000,7451461000,2169547000,100000000,5458474402,1276733718,100000000,10,2,716111718
406426,50000000,5453958000,3514645000,100000000,3380436224,1930522201,0,16,3,429239000
248920,60000000,15231078000,5818868000,797872000,7605951441,2400998947,213623644,15,1,372975864
685784,60000000,163772209000,92078324000,4093279000,80088974716,39137287690,333908500,30,2,299938000
415383,60000000,5127259000,2166580000,46000000,2511611568,900166511,0,17,1,383465365
416094,60000000,17312666000,5558251000,242555000,9015693210,2807652240,15636000,17,3,446498819
99225,8000000,315490000,315490000,0,185149782,185149782,0,29,2,33513600
418304,240000000,159440424000,51227421000,104427198000,60790494477,20107484296,38406842157,16,2,2015271063
426066,50000000,6482547000,1626912000,250000000,3515904115,647500500,209950000,25,2,252085500
406935,60000000,388383808000,2000000000,386383808000,228034674901,1035104685,226999570216,24,3,327216525
440505,1800000,163554000,43450000,0,75155508,22350000,0,21,3,12540000
575930,18000000,6353467000,1166166000,326220000,3519107203,561088938,318720000,21,3,143999404
467364,42000000,139908029000,20779802000,114683495000,27813704217,6386237233,18337486424,26,5,252000000
641511,108000000,26816363000,5027839000,0,16804741248,2563007231,0,26,1,576185000
648209,120000000,19016950000,16384297000,1100000000,3542052899,2176737293,300510000,26,1,564991270
648779,36000000,1455858000,1176671000,101995000,816126920,612397920,101702000,19,2,232858820
681507,12500000,3661326000,838290000,2061730000,1311090672,467413500,447410950,16,2,117887500
410574,120000000,12933145000,6165714000,284993000,7153145110,3691440715,0,8,2,2560447168
428211,90000000,21486700000,9418729000,50000000,12153060753,3837908188,44760000,26,2,502893496
418403,6000000,525905000,163730000,0,274990264,59158907,0,19,3,38518907
408143,60000000,10797007000,5580386000,71888000,6057234432,2675268891,69947000,14,2,500402250
666507,6000000,626405000,220690000,0,295091047,95001578,0,25,3,26776306
111071,500,573877000,96600000,0,306349779,57230000,0,24,2,3000000
99227,15000000,252365000,252365000,0,106857000,106857000,0,31,1,53750500
403823,240000000,78364248000,18059952000,330000000,41825127309,6889970468,0,26,2,888255449
413256,30000000,21427361000,5358221000,0,11498068706,3093219288,0,17,1,282849892
418493,20000000,5708896000,847208000,107000000,2877676297,401486000,107000000,17,2,200000000
424951,20000000,4489183000,793848000,99000000,2497267889,384192608,99000000,16,1,200000000
472112,102000000,56806523000,3580541000,53125979000,23121221161,1628558184,21490953977,24,2,672836465
426421,60000000,3013791000,1500935000,50000000,1583226166,731307713,0,15,0,502724713
437092,51000000,6866891000,1839768000,349818000,3933248068,891971515,323018000,19,1,419303030
238542,120000000,32786632000,12286632000,690000000,15864984843,4584907626,127441776,13,4,1218364978
661228,17000000,1886060000,548580000,37000000,1052719386,294020472,22500000,14,5,190230472
682914,60000000,1870653000,1870653000,0,989775156,989775156,0,11,1,700575156
650131,8000000,3918586000,764615000,6000000,2128127704,346372092,6000000,23,1,44562487
655366,90000000,15359682000,13339104000,69507000,3545466884,2320331617,5230000,27,4,363753445
665292,393857200,59020973000,17415837000,0,34290731262,8190241796,0,12,2,5362548190
656595,20000000,3185200000,830496000,0,1765138047,277964596,0,22,1,117195768
597494,19300000,3273605000,1333880000,12000000,1582191703,576285600,0,17,1,193000000
432841,300000000,30567108000,15740163000,3601445000,17977715283,8415046474,2666965759,19,2,1818281750
428258,50000000,5703154000,3122175000,0,3824663034,2078736463,0,20,2,304727863
411146,60000000,4284622000,4284622000,0,2295563231,2295563231,0,8,1,1067508868
406420,51000000,16445313000,12046631000,0,9119246783,6161983280,0,12,1,742485392
527940,30000000,1617258000,1158194000,0,837392623,639014623,0,14,1,254693406
418429,10000000,573534000,184810000,0,220304052,68280000,0,50,5,18000000
418487,17000000,2547756000,766396000,32000000,1478660618,389460000,31750000,27,3,98879000
567495,120000000,14821595000,8198395000,1420000000,4962742550,1939865198,15328590,13,8,1479809436
527975,20000000,1797436000,1149744000,445220000,736885303,596154303,45900000,12,2,261269096
418459,1000000,807206000,202160000,0,474509818,151610000,0,27,2,5500000
418461,2000000,799841000,173830000,0,454670692,56646367,0,25,1,11754450
424245,30000000,6678704000,1019108000,296700000,4150150268,435100000,153300000,25,1,210000000
668529,45000000,8911423000,5066858000,0,5261476697,3365250390,0,16,1,483487768
418457,40000000,8830120000,1625890000,0,4594091420,656496889,0,27,2,178476139
402298,30000000,4189202000,1147739000,407230000,3023130905,822068336,402540000,18,1,200853845
426072,30000000,4284145000,1029773000,18000000,2482160413,569188689,8000000,12,3,335458689
403410,2400000,92600000,92600000,0,53000000,53000000,0,14,2,28400000
406472,40200000,7426480000,4560693000,0,3845573800,2327830270,0,15,1,405137443
119132,102000000,10388165000,10388165000,0,5017836635,5017836635,0,20,2,661946450
403709,80000000,1837647000,1781487000,56160000,842150073,800150073,42000000,19,1,567201940
414540,120000000,19065522000,11350732000,1032400000,8998344901,4799106399,697045705,8,5,2151977056
419528,210000000,29435526000,14605945000,50000000,12118165617,4266642087,49062000,25,3,1250986990
7165,48000000,7242482000,1592668000,7000000,4108090637,580927608,0,14,1,421607608
428264,72000000,11727181000,7276155000,0,5385209678,3354662154,0,15,3,790425870
525296,120000000,13133208000,5213049000,3027000000,4818345985,1856899470,87285026,11,1,1226660938
641504,45000000,27392137000,6399705000,0,15915851914,2814168680,0,23,7,360000000
641656,300000000,75762340000,22353253000,0,45345152128,10465609693,0,13,5,4091768766
656511,25200000,2919158000,970241000,0,1411976545,217826905,0,18,1,174878905
675102,1850000,1299555000,433418000,34000000,670298638,222945580,34000000,26,2,12950000
681510,3000000,448948000,158530000,0,139588723,76610000,0,25,2,19750000
110031,50000000,1938080000,1938080000,0,559251148,559251148,0,28,4,111790748
111804,30000000,3319375000,892655000,0,1668972650,259447840,0,18,2,199687840
653699,20000000,2138839000,914310000,32000000,1257383376,564116572,21886000,19,8,166492572
419528,210000000,29435526000,14605945000,50000000,12118165617,4266642087,49062000,25,3,1250986990
553111,1700000,2468909000,488580000,22000000,1210042030,206540000,22000000,28,2,6800000
119232,150000000,29756810000,29756810000,0,16087178185,16087178185,0,18,3,853692945
431127,100000000,14423694000,12849198000,50785000,3191369149,2362248919,0,18,2,539549020
418355,10200000,1528162000,516700000,0,901058906,373976349,0,28,3,48926771
685742,300000000,145934223000,1227312000,113166205000,57671625536,704113659,38610687950,#N/A,#N/A,#N/A
656553,25000000,2843250000,837895000,0,1336574706,171754099,0,29,2,98669099
440553,10000000,28933263000,652663000,111450000,17163943015,303479000,111148000,21,2,78049000
677598,60000000,281510216000,62460118000,152571662000,91636194117,28290539234,22751235776,20,1,353852818
669062,24000000,10651294000,8890877000,120292000,2719668882,1843971570,5232000,21,4,152000366
18403,300000000,117596572000,49153560000,100000000,62381461098,24341483845,96286770,24,1,1542721740
682900,60000000,1898061000,1871561000,26500000,939509504,939509504,0,15,3,545368390
418425,20000000,2209540000,836436000,32000000,1288911129,464356134,31975000,27,6,100957134
420148,120000000,5188256000,5063345000,124911000,1586719362,1484749362,101970000,18,3,836841640
656600,21000000,2645913000,814350000,0,1333322588,221724645,0,19,2,156889900
447940,180000000,133055076000,43506623000,62709645000,35828562557,17456689733,3394849230,22,1,1117014989
7144,24000000,6427590000,1498746000,7000000,3341669626,509444000,0,10,1,411444000
99233,20000000,295828000,295828000,0,101421919,101421919,0,20,3,101421919
350170,20000000,1663978000,1663978000,0,1321713900,1321713900,0,13,2,141804400
119130,100000000,4538120000,4538120000,0,1211355040,1211355040,0,32,8,210010700
418489,19900000,37428801000,3747697000,107500000,20308266290,1768104500,102972820,26,6,99500000
675094,5656800,1605171000,540841000,14500000,730379699,320786600,14500000,24,1,39597600
690409,120000000,6843574000,3443963000,25000000,3642189661,1745440501,24600000,32,3,429551421
654886,300000000,75846139000,19774735000,0,46610823617,9836935243,0,7,1,6120109500
597541,45000000,4164040000,1207608000,70000000,2316611666,573189928,49913000,21,1,354789928
574352,8000000,1660611000,569154000,28000000,886779274,260613000,28000000,15,2,88000000
621729,120000000,6890351000,2792827000,0,2836410680,1169862707,0,16,2,869262707
641588,133137000,101221181000,10069230000,0,63532818963,4908462027,0,26,5,508907000
440552,60000000,9784893000,1897510000,0,5272544768,828287400,0,23,12,289982500
526751,1000000,41700000,41700000,0,18000000,18000000,0,28,1,3600000
597480,20000000,1454227000,490312000,19000000,819229461,211077000,19000000,27,3,95337000
418359,51000000,6347250000,3344812000,0,4014726419,2231310784,0,22,2,213543739
431158,30000000,9763596000,7887574000,120292000,3179806205,1968398203,17494250,13,2,352095605
431170,20000000,8645755000,5434022000,1550785000,3633240122,2412467810,370150942,14,1,219837299
402242,60000000,12115493000,1580832000,145000000,6271156153,859220111,144500000,17,2,563918111
411702,60000000,5169044000,5169044000,0,2821587584,2821587584,0,11,7,751554856
99003,36000000,6090892000,1686481000,77500000,2990155812,938379117,77150000,10,4,529821268
7172,80000000,8970219000,2590098000,207000000,4962434303,1265863939,7000000,15,1,959999689
406381,48000000,14388787000,9097740000,0,7831208095,4439650999,0,13,2,662129902
450573,120000000,35832779000,9319739000,0,19538731065,3960958430,0,18,2,700374126
683593,57000000,15395191000,11083905000,0,8407302354,5438426266,0,11,3,893280822
654336,48000000,26907310000,19364863000,2164703000,7287890076,3649734338,0,21,5,312845648
418419,18000000,1815011000,414364000,34900000,1043602975,202757407,34900000,22,2,138887407
402236,120000000,12111955000,3806393000,127000000,7709002401,2404453920,116830000,23,3,720377800
402283,7000000,179194000,179194000,0,82554002,82554002,0,14,3,60350000
431164,30000000,9610679000,7658102000,34722000,3449667358,2324548819,21232000,23,2,184658800
402017,6000000,73905000,73905000,0,31963750,31963750,0,18,4,31963750
418440,12270300,6143820000,1006723000,47001000,3489692802,582801300,46990000,15,3,133973300
111905,3000000,6625054000,279580000,36000000,3924848455,140890000,35850000,15,1,34500000
641478,20000000,18726457000,10093786000,0,6439853615,1049188000,0,15,2,192430000
428289,51000000,8434481000,5307780000,0,5415016695,3347123603,0,17,2,411789439
111806,10000000,3595248000,3595248000,0,17500000,17500000,0,47,11,17500000
656581,30000000,3275169000,831626000,0,1739396160,231169029,0,25,2,144851809
637546,21000000,5590065000,3718830000,564267000,2215229028,1355466263,89734000,16,3,200173784
637550,30000000,4830164000,3153094000,18722000,2221775590,1222599058,17220000,15,2,289982856
664565,60000000,7075597000,4840879000,291000000,3951218144,2517622000,284225050,14,2,555016000
632009,30000000,2278249000,1619744000,100000000,1626543031,852839263,99166000,12,3,450000000
111714,300000000,43581925000,13186783000,0,26547544567,7056559554,0,8,3,4657764894
309360,53013000,7314619000,1283358000,49000000,4615962794,641304000,49000000,29,3,296944000
426035,11865000,7507473000,1266274000,160000000,4887711138,679694384,150000000,16,1,124671944
402251,27000000,3506544000,1122784000,10000000,2529231912,813946631,9900000,10,1,450326820
401909,39600000,5094169000,1384192000,10000000,2831225365,692152973,10000000,14,2,273062792
426041,36000000,6429792000,1136584000,200000000,3602408153,458550000,200000000,28,3,216000000
440502,20000000,2211862000,841877000,32000000,1278444042,467474891,32000000,23,1,145568891
574366,20000000,5041207000,1048172000,64200000,2796947126,496480000,64200000,17,1,200000000
119078,24000000,662063000,662063000,0,208727322,208727322,0,31,3,81932256
521620,20000000,3269411000,1232794000,24800000,1744777194,576946426,0,38,2,62654752
426891,80000000,10551317000,6506233000,164150000,4547315419,2443058142,121623100,17,2,424339150
401819,400000000,67143239000,57078580000,1250000000,32922725270,27099430701,49890000,8,2,4581281518
650117,3600000,471454000,193250000,0,237910535,85076575,0,24,4,22516575
672953,5000000,89115000,89115000,0,41355500,41355500,0,17,2,35355500
238535,80000000,9706553000,4325250000,0,4524991740,1798188683,0,18,2,578885293
667236,60000000,9016895000,5720540000,0,5998999941,3719459314,0,10,1,1029042314
418522,6000000,2268381000,780844000,32000000,1436940894,452273395,32000000,13,1,78994004
418524,12000000,22944286000,1395310000,91500000,14075770574,584290133,67500000,19,4,110332038
681312,2211000,1845777000,730747000,32050000,1008244928,421837000,16000000,28,4,13266000
424220,12000000,6709344000,1413630000,243500000,4784043449,669452373,232500000,12,1,154343379
498092,51000000,126750000000,1750000000,125000000000,21456548627,666433827,20790114800,21,1,355878853
650829,22000000,11329738000,1078933000,0,7433103382,559684500,0,5,1,559684500
402282,30000000,4764913000,1416282000,10000000,2858294276,806373041,10000000,11,1,419589107
109118,99900000,22165765000,13781814000,50000000,13581479516,8651112338,31469911,24,1,699300000
663534,120000000,10976406000,5646070000,0,6001231329,2455799403,0,13,1,1125889630
665307,240000000,44341528000,13920948000,0,28453518761,7922027979,0,7,2,5654923029
237814,210000000,17580691000,12418998000,0,8179549461,5034242708,0,11,1,2499648918
418471,15000000,2978342000,543060000,55000000,1644570212,254332000,30000000,19,2,135000000
119025,19000000,337109000,337109000,0,47295900,47295900,0,36,2,47295900
424214,60000000,9236035000,1332846000,193000000,6024099966,681321500,120643000,20,1,531162500
654872,300000000,36420431000,12070614000,0,23545960499,6389938032,0,11,2,4309885692
526750,60000000,7798216000,1453061000,158500000,4420463998,785557566,157950000,24,3,353747842
437106,48000000,10114818000,1901010000,4206393000,3821261896,937396918,421212900,14,7,567475604
440506,2000000,167997000,42860000,0,89824718,20008029,0,26,2,9250000
650126,12000000,2668997000,723518000,32000000,1512774895,454272491,31850000,15,2,94607120
650127,3000000,8195024000,1086060000,1582500000,4058584542,541862106,423828650,19,2,19842000
650129,2000000,3594619000,173290000,2807674000,1077806630,93030471,710664972,24,1,12377571
686250,440000000,47306926000,34318902000,0,21653421897,12682999448,0,4,1,2210804619
700235,300000000,29315928000,12530293000,2044950000,14250442568,5745983622,619720050,14,3,2565906318
679499,90000000,28999042000,15288122000,0,17273609839,7979182335,0,16,5,715180200
506126,60000000,1234115000,1234115000,0,649161160,649161160,0,15,2,436345350
110068,300000000,15009131000,15009131000,0,2671691500,2671691500,0,13,2,2348995500
681509,5450000,8750343000,612931000,75000000,2869738441,297010412,59000000,30,3,31018000
665882,300000000,66628003000,14216309000,10935404000,32732247764,7574880898,2345356100,10,4,4799123216
653700,48000000,13229759000,4107610000,0,6360762199,1443003664,0,18,2,373800746
653701,15000000,23277185000,325233000,36000000,14308538247,137125600,33931000,24,3,82372600
553104,15000000,3204406000,723404000,153000000,1939964233,380689000,151000000,15,1,138478000
666502,38400000,9148750000,2577690000,0,4463121265,855221000,0,29,2,162446000
418310,54000000,1722484000,1708067000,14417000,646236555,637319755,8916800,17,1,346408555
98942,42000000,18877945000,2803926000,443000000,11957244758,1571109751,391654000,12,2,576644764
656507,9000000,3066877000,927269000,0,1544263141,196677284,0,20,1,67942240
661192,20000000,1612354000,537068000,54230000,843735366,248600000,54000000,28,3,101500000
652212,39000000,4140444000,2002774000,0,2740718688,1288641455,0,18,3,379315316
597502,4000000,1468816000,525435000,24165000,711318644,238956000,15665000,11,3,72000000
406441,30000000,5419657000,3163337000,0,3167042380,1738913987,0,11,2,418946260
401949,30000000,9669468000,998644000,6210297000,6111115931,580701515,4277485129,18,1,259150434
7208,100000000,5031143000,1704995000,7000000,3182672019,879078148,0,19,1,711558148
431111,75000000,18275103000,15224959000,132967000,4942121262,3230031768,26425500,34,8,199906811
621911,300000000,22405578000,11533183000,1142659000,9045174335,3336930714,484250000,30,5,927346943
670561,15000000,4815085000,3638553000,50785000,1841574365,1153393700,0,13,2,179397147
7186,18000000,8383238000,1627948000,7000000,4567583772,810480852,0,8,4,400346852
119138,34200000,862800000,862800000,0,614150057,614150057,0,9,2,119200057
641461,60000000,7239084000,3582958000,0,3166429310,1036466600,0,21,2,254461000
406375,150000000,24905476000,17798052000,0,13835795726,9491083070,0,9,3,2684618344
406432,30000000,10660867000,2861957000,5796300000,2793892361,1075157110,183401565,17,2,326830557
418402,42000000,27127625000,1003432000,83900000,15569245202,451185472,78790000,25,1,207109472
537880,42000000,1841932000,1841932000,0,871491494,871491494,0,11,7,497782431
689490,80000000,1885560000,1885560000,0,845042536,845042536,0,21,5,411427536
597537,2000000,1783508000,597462000,83490000,1013792769,267419609,83468500,25,1,11837886
626115,30000000,2990095000,809853000,100000000,1785281428,377561833,71449320,15,2,328700575
428233,75000000,6499356000,4202902000,0,4483703948,2684939946,0,19,1,574584287
498591,60000000,288865093000,32822394000,255792699000,76953014182,17750874581,59202139601,27,1,359985074
418370,60000000,53769556000,2533826000,299480000,36550089601,1112181500,207494000,29,2,253670000
7190,75000000,6117288000,1951575000,7000000,3501845841,914856300,0,15,1,708676300
661207,7000000,1839497000,661570000,65200000,982694625,306057500,65200000,21,1,63000000
433342,40000000,286292000,286292000,0,81701800,81701800,0,10,23,39701800
403408,7800000,135500000,135500000,0,61949996,61949996,0,16,6,30950000
110042,30000000,491751000,491751000,0,239727966,239727966,0,31,2,87252966
119082,100000000,1620366000,1620366000,0,307660845,307660845,0,#N/A,#N/A,#N/A
